<?xml version="1.0" encoding="UTF-8"?>
<!--
DO NOT ALTER OR REMOVE COPYRIGHT NOTICES OR THIS HEADER.

Copyright 1997-2010 Oracle and/or its affiliates. All rights reserved.

Oracle and Java are registered trademarks of Oracle and/or its affiliates.
Other names may be trademarks of their respective owners.


The contents of this file are subject to the terms of either the GNU
General Public License Version 2 only ("GPL") or the Common
Development and Distribution License("CDDL") (collectively, the
"License"). You may not use this file except in compliance with the
License. You can obtain a copy of the License at
http://www.netbeans.org/cddl-gplv2.html
or nbbuild/licenses/CDDL-GPL-2-CP. See the License for the
specific language governing permissions and limitations under the
License.  When distributing the software, include this License Header
Notice in each file and include the License file at
nbbuild/licenses/CDDL-GPL-2-CP.  Oracle designates this
particular file as subject to the "Classpath" exception as provided
by Oracle in the GPL Version 2 section of the License file that
accompanied this code. If applicable, add the following below the
License Header, with the fields enclosed by brackets [] replaced by
your own identifying information:
"Portions Copyrighted [year] [name of copyright owner]"

Contributor(s):

The Original Software is NetBeans. The Initial Developer of the Original
Software is Sun Microsystems, Inc. Portions Copyright 1997-2007 Sun
Microsystems, Inc. All Rights Reserved.

If you wish your version of this file to be governed by only the CDDL
or only the GPL Version 2, indicate your decision by adding
"[Contributor] elects to include this software in this distribution
under the [CDDL or GPL Version 2] license." If you do not indicate a
single choice of license, a recipient has the option to distribute
your version of this file under either the CDDL, the GPL Version 2 or
to extend the choice of license to its licensees as provided above.
However, if you add GPL Version 2 code and therefore, elected the GPL
Version 2 license, then the option applies only if the new code is
made subject to such option by the copyright holder.
-->
<project name="JAX-B Jars" default="createJaxbJars" basedir=".">
    <description>
        A script to invoke xjc. Requires following properties:
            xsd.file : absolute location of schema file
            packageName : package name for generated JAXB classes
            jaxb.base : work directory for generating sources and classes into
            jaxb.jar : jaxb jar path relative to jaxb.base
            jaxb.src.jar : jaxb source jar path relative to jaxb.base
            user.build.properties.file : NetBeans build.properties file under userdir
    </description>
    
    <target name="xjc-jar" depends="-run-xjc, -create-jars"/>
    
    <target name="-init-user">
        <property file="${user.build.properties.file}"/>
        <condition property="isMacOs">
            <os family="mac"/>
        </condition>
        <condition property="jdk.home" value="${java.home}/" else="${java.home}/../">
            <istrue value="${isMacOs}"/>
        </condition>
        <condition property="platform.home" value="${platforms.JDK_1.5.home}" else="${jdk.home}">
            <isset property="platforms.JDK_1.5.home"/>
        </condition>
        <property name="platform.javac" value="${platform.home}/bin/javac"/>
    </target>
    
    <target name="-init-xjc" depends="-init-user">
        <mkdir dir="${jaxb.base}/build"/>
        <mkdir dir="${jaxb.base}/src"/>
        <taskdef name="xjc" classname="com.sun.tools.xjc.XJCTask">
            <classpath path="${platform.home}/lib/tools.jar:${netbeans.dest.dir}/${nb.cluster.ide.dir}/modules/ext/jaxb/jaxb-xjc.jar:${libs.jaxb.classpath}"/>
        </taskdef>
    </target>
    
    <target name="-run-xjc" depends="-init-user, -init-xjc">
        <xjc schema="${xsd.file}"
            target="2.1"
            package="${packageName}"
            destdir="${jaxb.base}/src">
        </xjc>
        
        <delete dir="${jaxb.base}/build"/>
        <mkdir dir="${jaxb.base}/build"/>
        <javac srcdir="${jaxb.base}/src" 
               destdir="${jaxb.base}/build" 
               classpath="${platform.home}/lib/tools.jar:${libs.jaxb.classpath}" 
               executable="${platform.javac}"
               debug="on" source="1.5" fork="true">               
        </javac>
    </target>
    
    <target name="-create-jars" depends="-run-xjc">
        <jar jarfile="${jaxb.base}/${jaxb.src.jar}">
            <fileset dir="${jaxb.base}/src"/>
        </jar>
        
        <jar jarfile="${jaxb.base}/${jaxb.jar}"
             basedir="${jaxb.base}/build">
            <metainf dir="${jaxb.base}/.." includes="*.xsd"/>
        </jar>
        
        <delete failonerror="false" dir="${jaxb.base}/build"/>
        <delete failonerror="false" dir="${jaxb.base}/src"/>
    </target>
    
</project>
