<?xml version="1.0" encoding="UTF-8"?>
<module codename="org.netbeans.modules.ide.branding/1">
    <module_version install_time="1302218999534" last="true" origin="installer" specification_version="1.15.1">
        <file crc="2739271892" name="config/Modules/org-netbeans-modules-ide-branding.xml"/>
        <file crc="3809450708" name="core/locale/core_nb.jar"/>
        <file crc="2147459301" name="modules/ext/locale/updater_nb.jar"/>
        <file crc="2314378897" name="modules/locale/org-netbeans-core-windows_nb.jar"/>
        <file crc="1305682764" name="modules/locale/org-netbeans-core_nb.jar"/>
        <file crc="3054144272" name="modules/locale/org-netbeans-modules-autoupdate-ui_nb.jar"/>
        <file crc="2553572475" name="modules/locale/org-netbeans-spi-quicksearch_nb.jar"/>
        <file crc="70612228" name="modules/org-netbeans-modules-ide-branding.jar"/>
        <file crc="3765944826" name="netbeans.icns"/>
        <file crc="773200671" name="netbeans.png"/>
        <file crc="1089950549" name="shortcuts.pdf"/>
        <file crc="521788571" name="shortcuts_mac.pdf"/>
    </module_version>
</module>
