<?xml version="1.0" encoding="UTF-8" ?>
<server>

  <!--  ====================================================================  -->
  <!--  Defines TreeCache configuration                                       -->
  <!--  ====================================================================  -->
	<mbean code="org.jboss.cache.TreeCache" name="jboss.cache:service=TreeCache">
		<depends>jboss:service=Naming</depends>
		<depends>jboss:service=TransactionManager</depends>

		<attribute name="EvictionPolicyConfig">
			<config>

				<region name="/DERI/UN_DIA">
					<attribute name="maxNodes">50000</attribute>
					<attribute name="timeToLiveSeconds">86400</attribute>
					<attribute name="maxAgeSeconds">86400</attribute>
				</region>
			</config>
		</attribute>
	</mbean>
</server>