<?xml version="1.0" encoding="UTF-8"?>
<module codename="org.netbeans.modules.form/2">
    <module_version install_time="1302220475769" last="true" origin="installer" specification_version="1.36.1.2">
        <file crc="2061491584" name="config/Modules/org-netbeans-modules-form.xml"/>
        <file crc="1039482107" name="modules/ext/AbsoluteLayout.jar"/>
        <file crc="102086713" name="modules/org-netbeans-modules-form.jar"/>
        <file crc="3022427873" name="sources/org/netbeans/lib/awtextra/AbsoluteConstraints.java"/>
        <file crc="2059909733" name="sources/org/netbeans/lib/awtextra/AbsoluteLayout.java"/>
        <file crc="3519667398" name="sources/readme.txt"/>
    </module_version>
</module>
