<?xml version="1.0" encoding="UTF-8"?>
<module codename="org.apache.tools.ant.module/3">
    <module_version install_time="1302220074237" last="true" origin="installer" specification_version="3.46.1.2">
        <file crc="3691168879" name="ant/bin/ant"/>
        <file crc="2374738083" name="ant/bin/ant.bat"/>
        <file crc="3888342310" name="ant/bin/ant.cmd"/>
        <file crc="3542151594" name="ant/bin/antRun"/>
        <file crc="1972953576" name="ant/bin/antRun.bat"/>
        <file crc="183723485" name="ant/bin/antRun.pl"/>
        <file crc="3886796075" name="ant/bin/antenv.cmd"/>
        <file crc="3332684121" name="ant/bin/complete-ant-cmd.pl"/>
        <file crc="764926773" name="ant/bin/envset.cmd"/>
        <file crc="726621973" name="ant/bin/lcp.bat"/>
        <file crc="843725328" name="ant/bin/runant.pl"/>
        <file crc="191170216" name="ant/bin/runant.py"/>
        <file crc="3300495975" name="ant/bin/runrc.cmd"/>
        <file crc="2384174083" name="ant/etc/ant-bootstrap.jar"/>
        <file crc="217525316" name="ant/etc/changelog.xsl"/>
        <file crc="3337405972" name="ant/etc/checkstyle/checkstyle-frames.xsl"/>
        <file crc="2197750385" name="ant/etc/checkstyle/checkstyle-text.xsl"/>
        <file crc="3616949689" name="ant/etc/checkstyle/checkstyle-xdoc.xsl"/>
        <file crc="4129304076" name="ant/etc/coverage-frames.xsl"/>
        <file crc="1467231341" name="ant/etc/jdepend-frames.xsl"/>
        <file crc="1880582538" name="ant/etc/jdepend.xsl"/>
        <file crc="2345874072" name="ant/etc/junit-frames-xalan1.xsl"/>
        <file crc="1328804014" name="ant/etc/junit-frames.xsl"/>
        <file crc="4126454165" name="ant/etc/junit-noframes.xsl"/>
        <file crc="3295503148" name="ant/etc/log.xsl"/>
        <file crc="1316643094" name="ant/etc/maudit-frames.xsl"/>
        <file crc="4189635727" name="ant/etc/mmetrics-frames.xsl"/>
        <file crc="1674363330" name="ant/etc/tagdiff.xsl"/>
        <file crc="1319444816" name="ant/lib/ant-antlr.jar"/>
        <file crc="3073570132" name="ant/lib/ant-apache-bcel.jar"/>
        <file crc="2219236125" name="ant/lib/ant-apache-bsf.jar"/>
        <file crc="512674900" name="ant/lib/ant-apache-log4j.jar"/>
        <file crc="168617065" name="ant/lib/ant-apache-oro.jar"/>
        <file crc="2959310676" name="ant/lib/ant-apache-regexp.jar"/>
        <file crc="959650341" name="ant/lib/ant-apache-resolver.jar"/>
        <file crc="1912948021" name="ant/lib/ant-apache-xalan2.jar"/>
        <file crc="2289143061" name="ant/lib/ant-commons-logging.jar"/>
        <file crc="3391819321" name="ant/lib/ant-commons-net.jar"/>
        <file crc="2898167319" name="ant/lib/ant-jai.jar"/>
        <file crc="1730848558" name="ant/lib/ant-javamail.jar"/>
        <file crc="2950910867" name="ant/lib/ant-jdepend.jar"/>
        <file crc="495477607" name="ant/lib/ant-jmf.jar"/>
        <file crc="3598335592" name="ant/lib/ant-jsch.jar"/>
        <file crc="3235572808" name="ant/lib/ant-junit.jar"/>
        <file crc="569612063" name="ant/lib/ant-junit4.jar"/>
        <file crc="1546293934" name="ant/lib/ant-launcher.jar"/>
        <file crc="1987868252" name="ant/lib/ant-netrexx.jar"/>
        <file crc="4024691774" name="ant/lib/ant-swing.jar"/>
        <file crc="2593597848" name="ant/lib/ant-testutil.jar"/>
        <file crc="50559903" name="ant/lib/ant.jar"/>
        <file crc="2666490375" name="ant/nblib/bridge.jar"/>
        <file crc="953143122" name="config/Modules/org-apache-tools-ant-module.xml"/>
        <file crc="1217823131" name="modules/org-apache-tools-ant-module.jar"/>
    </module_version>
</module>
