<?xml version="1.0" encoding="UTF-8"?>
<beans xmlns="http://www.springframework.org/schema/beans"
       xmlns:xsi="http://www.w3.org/2001/XMLSchema-instance" xmlns:sec="http://www.springframework.org/schema/security"
       xsi:schemaLocation="http://www.springframework.org/schema/beans http://www.springframework.org/schema/beans/spring-beans.xsd
       http://www.springframework.org/schema/security http://www.springframework.org/schema/security/spring-security.xsd">

    <sec:http use-expressions="true" entry-point-ref="casEntryPoint">
        <sec:intercept-url pattern="/**" access="isAuthenticated()"/>
        <!--<sec:intercept-url pattern="/**" access="permitAll"/>-->
        <sec:custom-filter position="CAS_FILTER" ref="casFilter"/>
        <!-- Handle CAS logout request from the browser (on /j_spring_security_logout): -->
        <sec:logout/>
        <!-- Handle CAS logout directly from the CAS server: -->
        <sec:custom-filter before="CAS_FILTER" ref="singleLogoutFilter"/>
    </sec:http>

    <bean id="casFilter" class="org.springframework.security.cas.web.CasAuthenticationFilter">
        <property name="authenticationManager" ref="authenticationManager"/>
    </bean>

    <bean id="singleLogoutFilter" class="org.jasig.cas.client.session.SingleSignOutFilter">
        <!-- DES -->
        <property name="casServerUrlPrefix" value="http://devsso.bancsabadell.com/aas/logout"/>
        <!-- PRE -->
<!--         <property name="casServerUrlPrefix" value="http://presso.bancsabadell.com/aas/logout"/> -->
        <!-- PRO -->
<!--         <property name="casServerUrlPrefix" value="http://sso.bancsabadell.com/aas/logout"/> -->
    </bean>

    <bean id="casEntryPoint"
          class="org.springframework.security.cas.web.CasAuthenticationEntryPoint">
        <!-- DES -->
        <property name="loginUrl" value="http://devsso.bancsabadell.com/aas/login"/> 
        <!-- PRE -->
<!--         <property name="loginUrl" value="http://presso.bancsabadell.com/aas/login"/> -->
        <!-- PRO -->
<!--         <property name="loginUrl" value="http://sso.bancsabadell.com/aas/login"/> -->
        <property name="serviceProperties" ref="serviceProperties"/>

    </bean>
    
    <bean id="serviceProperties" class="org.springframework.security.cas.ServiceProperties">
        <!-- LOCAL DOCKER -->
<!--         <property name="service" value="http://localhost:8080/main/j_spring_cas_security_check"/> -->
        <!-- DES -->
        <property name="service" value="http://es5dx02bsab.bancsabadell.com:8880/main/j_spring_cas_security_check"/>     
<!--            PRE -->
<!--         <property name="service" value="http://es5dx04bsab.bancsabadell.com:8880/main/j_spring_cas_security_check"/> -->
        <!--PRO -->
<!--         <property name="service" value="http:http://ccr.bancsabadell.com:8880/main/j_spring_cas_security_check"/> -->
        
        <property name="sendRenew" value="false"/>
    </bean>

    <sec:authentication-manager alias="authenticationManager">
        <sec:authentication-provider ref="casAuthenticationProvider"/>
    </sec:authentication-manager>

    <bean id="casUserDetailService" class="org.springframework.security.core.userdetails.CasUserDetailService">
    </bean>

    <bean id="casAuthenticationProvider"
          class="org.springframework.security.cas.authentication.CasAuthenticationProvider">
        <property name="authenticationUserDetailsService" ref="casUserDetailService"/>
        <property name="serviceProperties" ref="serviceProperties"/>
        <property name="ticketValidator">
            <bean class="org.jasig.cas.client.validation.Cas20ServiceTicketValidator">
                <!-- DES -->
                <constructor-arg index="0" value="http://devsso.bancsabadell.com/aas/p3"/> 
                <!-- PRE -->
<!--                 <constructor-arg index="0" value="http://presso.bancsabadell.com/aas/p3"/> -->
                <!-- PRO -->
<!--                 <constructor-arg index="0" value="http://sso.bancsabadell.com/aas/login"/> -->
                <property name="encoding" value="UTF-8"/>
            </bean>
        </property>
        <property name="key" value="an_id_for_this_auth_provider_only"/>
    </bean>

</beans>
